Wall time,Step,Value
1685345813.90392,0,0.831632673740387
1685348265.06507,1,0.8954081535339355
1685350845.808089,2,0.8928571343421936
1685353297.39243,3,0.9368877696990967
1685355779.918124,4,0.9975857313156128
