Wall time,Step,Value
1685345813.903595,0,0.38508468866348267
1685348265.064759,1,0.3124105930328369
1685350845.807774,2,0.27891981840133667
1685353297.392053,3,0.1725879764556885
1685355779.917692,4,0.04213468289375305
