Wall time,Step,Value
1685433372.73575,0,0.754807710647583
1685433781.340096,1,0.8317307829856873
1685434205.686072,2,0.8509615659713745
1685434693.705352,3,0.9242307829856873
1685435093.028621,4,0.986437829856873
