Wall time,Step,Value
1685433372.735436,0,0.49691978096961975
1685433781.339737,1,0.39138558506965637
1685434205.685761,2,0.28978235244750977
1685434693.704945,3,0.12628342032432556
1685435093.028309,4,0.04179307003021243

