Wall time,Step,Value
1685394027.559791,0,0.8977272510528564
1685394189.540368,1,0.9545454382896423
1685394354.7176,2,0.9204545617103577
1685394521.04462,3,0.9485454382896423
1685394691.950598,4,0.9315864238964235
