Wall time,Step,Value
1685438595.511828,0,0.304328054189682
1685439119.300212,1,0.24276216328144073
1685439638.048026,2,0.2855178713798523
1685440150.47312,3,0.2902904748916626
1685440676.216239,4,0.37559959292411804
