Wall time,Step,Value
1685394027.559592,0,0.2833865284919739
1685394189.540171,1,0.17541857063770294
1685394354.717407,2,0.21136437356472015
1685394521.044427,3,0.17604824900627136
1685394691.950403,4,0.1853596717119217
