Wall time,Step,Value
1685400676.817381,0,0.855867326259613
1685403138.655974,1,0.894132673740387
1685405634.432965,2,0.8788265585899353
1685408089.218637,3,0.8673469424247742
1685410557.161686,4,0.9081632494926453
