Wall time,Step,Value
1685400676.817017,0,0.3379345238208771
1685403138.655495,1,0.26924628019332886
1685405634.432562,2,0.3533208668231964
1685408089.21826,3,0.1208073425292969
1685410557.161321,4,0.06131759548187256