Wall time,Step,Value
1685400725.240484,0,0.8600000143051147
