Wall time,Step,Value
1685438595.512254,0,0.8700000047683716
1685439119.300577,1,0.9100000262260437
1685439638.048418,2,0.8924999833106995
1685440150.473964,3,0.9150000214576721
1685440676.217157,4,0.9100000262260437
