Wall time,Step,Value
1685400725.23769,0,0.7643749713897705
