Wall time,Step,Value
1685438595.512254,0,0.7700000047683716
1685439119.300577,1,0.8600000262260437
1685439638.048418,2,0.8224999833106995
1685440150.473964,3,0.8450000214576721
1685440676.217157,4,0.8500000262260437


