Wall time,Step,Value
1685400725.235872,0,0.4678986370563507
