Wall time,Step,Value
1685400725.240047,0,0.3456447720527649
