Wall time,Step,Value
1685438595.505139,0,0.44549980759620667
1685439119.295536,1,0.20610353350639343
1685439638.043758,2,0.08492384105920792
1685440150.466746,3,0.04448365792632103
1685440676.210252,4,0.038920868188142776
